blast_count_7d,avg_blast_intensity,rainfall_mm_24h,rainfall_mm_7d,crack_count_7d,avg_crack_score,critical_crack_flag,elevation_m,area_sq_km,days_since_inspection,risk_score,risk_label
6,8.17,6.08,51.42,4,0.156,0,293.6,38.5,87,0.2457,green
2,1.19,105.11,927.79,5,0.001,0,795.3,312.6,57,0.172,green
11,1.21,22.32,129.43,11,0.974,1,339.7,54.4,61,0.5055,orange
2,8.74,34.21,210.52,1,0.949,1,779.4,406.1,8,0.2978,yellow
1,7.16,17.4,67.07,12,0.833,1,304.0,201.6,49,0.3792,yellow
5,2.87,25.16,80.99,1,0.775,1,763.7,448.5,13,0.3232,yellow
15,3.94,25.35,168.47,13,0.325,0,433.2,143.0,52,0.4642,yellow
12,2.27,48.61,171.21,6,0.423,0,436.9,153.8,62,0.3636,yellow
10,2.79,37.28,318.0,10,0.074,0,415.1,66.8,6,0.2856,yellow
0,0.0,1.97,10.2,7,0.666,0,554.8,144.6,34,0.225,green
0,0.0,14.48,141.96,2,0.761,1,536.8,387.8,26,0.129,green
9,4.95,6.76,62.66,0,0.0,0,388.6,259.2,22,0.2031,green
6,4.69,42.26,194.47,6,0.29,0,296.7,465.6,44,0.2579,yellow
11,2.68,66.92,453.44,9,0.122,0,413.8,454.3,0,0.3049,yellow
19,4.17,10.91,45.29,10,0.417,0,333.3,68.7,43,0.4526,yellow
8,4.63,2.01,9.62,11,0.252,0,498.3,157.4,55,0.3105,yellow
16,3.4,112.67,662.19,6,0.279,0,745.0,127.4,1,0.3318,yellow
5,3.18,33.45,278.72,10,0.242,0,681.9,240.4,69,0.3343,yellow
10,8.35,48.04,194.79,10,0.187,0,224.5,299.5,58,0.4202,yellow
18,4.14,3.03,29.07,7,0.387,0,762.0,77.4,56,0.3989,yellow
17,9.32,62.95,302.51,11,0.175,0,789.3,263.2,1,0.5119,orange
8,3.51,36.15,322.74,3,0.887,1,667.9,324.6,74,0.4164,yellow
16,2.45,68.65,497.35,2,0.372,0,764.1,487.1,17,0.358,yellow
2,6.87,7.62,60.84,0,0.0,0,496.3,97.6,7,0.0658,green
6,7.49,11.05,75.1,10,0.368,0,359.1,129.6,37,0.3322,yellow
7,6.68,47.51,309.72,11,0.669,0,718.5,122.8,47,0.4328,yellow
18,6.15,43.9,145.11,11,0.94,1,772.4,458.3,36,0.6313,orange
2,9.82,2.35,12.08,6,0.268,0,491.2,192.6,53,0.2766,yellow
2,6.13,3.07,22.4,5,0.359,0,352.5,154.7,89,0.2676,yellow
10,7.38,24.14,122.54,9,0.81,1,720.2,457.5,6,0.5107,orange
3,8.18,31.49,249.22,13,0.89,1,402.8,194.0,65,0.5453,orange
18,5.19,23.47,117.48,9,0.86,1,350.2,29.0,14,0.5481,orange
10,2.14,22.16,185.92,11,0.965,1,474.4,422.6,46,0.4677,yellow
15,9.78,21.79,114.62,0,0.0,0,439.3,222.4,57,0.3433,yellow
4,2.66,2.53,15.18,11,0.409,0,304.0,86.7,33,0.2583,yellow
7,9.41,30.51,201.85,14,0.436,0,638.0,33.4,25,0.4138,yellow
15,2.43,3.84,20.71,11,0.046,0,224.4,429.2,68,0.341,yellow
15,8.26,12.75,79.74,4,0.399,0,569.5,321.2,33,0.3944,yellow
19,4.37,29.49,192.36,0,0.0,0,523.6,345.1,15,0.314,yellow
16,8.8,30.35,261.22,11,0.388,0,586.0,234.5,50,0.485,yellow
10,9.47,14.64,142.4,9,0.207,0,364.4,115.1,45,0.3603,yellow
7,4.47,34.33,184.87,2,0.282,0,270.9,351.4,74,0.2633,yellow
3,4.76,102.87,703.2,4,0.751,1,684.1,495.3,35,0.4098,yellow
4,3.15,34.17,279.48,2,0.103,0,741.5,257.6,88,0.1694,green
12,9.06,14.79,45.49,8,0.847,1,412.9,478.8,51,0.5926,orange
4,3.64,11.95,92.14,3,0.946,1,668.8,65.6,52,0.3766,yellow
9,9.77,165.13,559.98,2,0.888,1,410.5,67.4,75,0.5849,orange
16,1.91,2.64,20.84,9,0.397,0,735.1,81.8,28,0.4007,yellow
4,3.1,26.12,236.16,5,0.813,1,768.3,493.1,3,0.3607,yellow
18,7.99,24.52,146.38,9,0.33,0,460.7,134.3,57,0.4628,yellow
19,2.07,3.75,28.3,0,0.0,0,608.6,126.4,62,0.2696,yellow
0,0.0,7.59,73.97,11,0.978,1,533.6,168.1,79,0.354,yellow
10,9.27,8.75,68.85,8,0.523,0,577.6,350.9,30,0.4414,yellow
10,3.53,90.12,831.97,11,0.107,0,401.4,93.1,35,0.341,yellow
7,4.18,26.29,93.17,8,0.26,0,471.9,25.8,72,0.3332,yellow
15,2.46,72.55,635.37,1,0.417,0,548.7,460.4,9,0.3177,yellow
17,5.96,5.4,31.77,5,0.811,1,792.4,83.7,84,0.5253,orange
16,8.54,18.97,112.01,0,0.0,0,208.2,46.9,80,0.3848,yellow
4,10.0,170.85,1176.79,4,0.726,1,654.2,195.1,84,0.4703,yellow
18,3.47,6.97,63.73,7,0.618,0,414.9,65.6,25,0.4364,yellow
1,5.29,53.4,275.26,0,0.0,0,531.1,284.9,56,0.1129,green
14,8.06,30.6,264.21,6,0.136,0,208.7,181.8,81,0.4764,yellow
14,4.94,70.35,382.56,5,0.451,0,746.3,156.0,50,0.4428,yellow
9,9.34,20.33,97.72,7,0.046,0,572.5,180.2,42,0.3382,yellow
15,4.07,23.12,143.81,14,0.4,0,618.6,98.2,3,0.4668,yellow
2,5.64,108.48,782.53,2,0.041,0,301.4,146.5,60,0.1999,green
5,2.09,18.53,82.35,1,0.129,0,398.1,167.6,25,0.1536,green
14,5.6,5.12,28.9,0,0.0,0,366.1,405.0,51,0.2987,yellow
14,5.83,77.33,359.79,11,0.369,0,477.5,376.3,13,0.4802,yellow
10,5.79,3.4,20.85,2,0.397,0,262.9,371.3,27,0.2937,yellow
9,6.08,55.11,199.75,13,0.12,0,734.3,300.9,67,0.4332,yellow
17,1.78,23.11,164.25,7,0.587,0,538.7,195.6,5,0.3663,yellow
19,6.81,25.37,139.37,12,0.33,0,760.2,13.7,20,0.4884,yellow
3,8.66,2.76,23.85,7,0.897,1,248.1,267.0,39,0.3832,yellow
4,9.84,3.56,20.62,11,0.917,1,203.2,487.8,50,0.493,yellow
10,6.14,9.85,82.64,5,0.968,1,626.6,107.8,19,0.4733,yellow
16,5.77,36.85,308.61,5,0.581,0,292.6,245.8,2,0.4146,yellow
9,5.94,23.88,105.38,7,0.81,1,352.8,343.9,16,0.4249,yellow
8,6.36,19.14,112.57,13,0.107,0,710.4,375.5,49,0.3599,yellow
8,2.85,14.3,135.67,5,0.048,0,668.9,415.7,13,0.1837,green
2,2.48,50.55,387.05,9,0.908,1,389.7,298.3,17,0.3595,yellow
13,9.1,29.35,198.97,14,0.503,0,339.3,450.8,65,0.5624,orange
13,1.6,7.8,53.06,5,0.94,1,576.6,174.1,63,0.5105,orange
3,9.98,41.88,332.89,10,0.744,1,220.1,289.2,9,0.4291,yellow
4,8.89,12.56,109.89,14,0.379,0,474.2,305.9,14,0.338,yellow
14,4.68,44.34,136.8,2,0.694,0,525.6,133.4,68,0.4227,yellow
19,2.63,71.73,508.09,7,0.424,0,372.8,311.3,89,0.4971,yellow
0,0.0,0.55,4.99,11,0.102,0,751.3,397.1,36,0.225,green
7,6.86,44.25,248.75,8,0.424,0,641.9,467.8,85,0.3558,yellow
3,2.12,76.09,691.6,6,0.227,0,564.7,195.9,52,0.2144,green
8,2.85,46.51,336.05,2,0.398,0,522.4,460.7,1,0.1912,green
16,6.28,1.0,9.41,5,0.176,0,499.0,215.3,87,0.3047,yellow
0,0.0,13.5,95.37,5,0.22,0,327.6,262.4,80,0.1119,green
7,5.52,27.14,94.18,6,0.427,0,679.9,181.2,29,0.2949,yellow
16,1.33,19.16,133.26,1,0.294,0,628.4,268.5,37,0.2892,yellow
7,8.76,87.63,491.87,9,0.897,1,515.9,402.4,54,0.5416,orange
17,8.8,15.73,107.92,2,0.231,0,603.1,19.7,53,0.4188,yellow
18,6.87,8.16,30.17,7,0.722,1,713.4,416.8,67,0.508,orange
19,7.01,6.88,34.77,1,0.013,0,251.3,111.9,18,0.3749,yellow
0,0.0,51.02,275.14,9,0.825,1,417.8,26.8,19,0.335,yellow
4,4.11,44.59,247.02,4,0.294,0,769.1,384.2,23,0.2209,green
13,5.24,6.03,38.56,0,0.0,0,361.2,275.4,24,0.2027,green
6,2.96,31.07,184.95,9,0.526,0,303.0,143.4,74,0.3376,yellow
9,6.19,9.61,66.1,8,0.497,0,632.1,62.2,85,0.4216,yellow
5,7.59,8.66,64.36,4,0.175,0,748.6,215.2,61,0.2253,green
10,2.66,2.84,23.85,12,0.389,0,373.2,184.3,58,0.3648,yellow
6,6.49,89.46,516.76,7,0.937,1,639.5,115.3,35,0.4389,yellow
19,1.46,20.58,147.7,1,0.623,0,484.5,178.7,39,0.3945,yellow
16,4.72,36.62,263.19,8,0.246,0,691.5,401.7,43,0.4017,yellow
16,2.23,90.01,551.07,14,0.087,0,774.9,381.6,20,0.4229,yellow
16,6.93,35.36,316.24,8,0.903,1,588.0,349.7,25,0.5953,orange
13,2.08,39.39,171.29,7,0.971,1,766.6,242.4,38,0.4988,yellow
2,3.87,52.97,172.63,14,0.365,0,536.4,245.7,2,0.2614,yellow
11,6.15,48.89,330.9,5,0.319,0,575.5,444.1,41,0.3885,yellow
11,3.1,0.74,6.74,13,0.0,0,311.3,198.1,38,0.398,yellow
11,9.86,43.87,259.88,6,0.523,0,639.4,11.6,44,0.4068,yellow
13,3.67,57.48,460.38,4,0.042,0,210.7,494.0,72,0.3141,yellow
3,2.96,89.85,764.11,10,0.589,0,789.4,443.3,87,0.3334,yellow
10,9.13,135.8,1114.07,3,0.232,0,765.6,328.3,73,0.4027,yellow
8,2.68,45.37,247.29,4,0.63,0,329.8,263.9,19,0.2851,yellow
16,2.57,15.14,125.76,13,0.996,1,738.5,237.1,12,0.5773,orange
8,9.05,59.01,365.99,7,0.266,0,277.7,445.5,24,0.3051,yellow
1,8.76,49.75,377.4,4,0.735,1,368.8,133.8,37,0.3785,yellow
17,1.73,7.46,58.07,4,0.991,1,236.9,442.6,61,0.4785,yellow
18,8.42,12.82,99.32,10,0.864,1,640.3,265.4,79,0.6688,orange
15,7.38,54.42,428.98,9,0.106,0,619.4,102.7,4,0.416,yellow
10,9.65,18.79,172.0,9,0.129,0,401.1,374.3,30,0.3349,yellow
1,3.58,28.79,284.07,0,0.0,0,269.5,194.6,63,0.1272,green
12,8.02,3.39,28.27,9,0.432,0,704.1,202.2,78,0.4357,yellow
17,9.53,5.46,45.84,0,0.0,0,549.3,179.5,89,0.3729,yellow
17,8.84,108.91,1065.33,3,0.648,0,556.6,198.0,28,0.5587,orange
1,3.46,175.55,1050.34,12,0.854,1,516.2,414.7,74,0.4941,yellow
19,8.56,44.46,204.98,10,0.273,0,770.5,84.0,20,0.4476,yellow
5,3.07,7.19,23.14,8,0.715,1,537.7,241.1,26,0.3324,yellow
7,2.43,6.83,24.86,7,0.771,1,706.9,382.9,2,0.3334,yellow
2,2.67,18.6,55.97,6,0.125,0,611.3,220.8,37,0.1908,green
15,5.42,1.99,14.08,4,0.59,0,459.9,492.3,80,0.4024,yellow
5,3.62,35.62,321.34,5,0.908,1,634.6,377.1,40,0.3067,yellow
16,1.93,25.38,79.41,5,0.618,0,621.5,284.2,31,0.4258,yellow
0,0.0,52.21,287.37,6,0.133,0,540.5,347.8,14,0.1231,green
1,1.37,33.29,321.66,12,0.706,1,219.0,468.7,31,0.3514,yellow
7,7.43,48.54,260.98,10,0.484,0,596.5,281.0,5,0.3624,yellow
2,1.37,5.37,32.62,1,0.06,0,348.3,88.2,44,0.0388,green
13,4.03,6.03,51.43,6,0.044,0,297.0,20.2,82,0.3503,yellow
4,9.97,110.42,833.92,9,0.403,0,332.3,215.0,78,0.4048,yellow
19,6.66,39.88,333.96,11,0.04,0,720.2,293.6,35,0.4144,yellow
1,5.38,62.01,576.97,5,0.655,0,795.3,149.1,11,0.2392,green
14,3.12,44.88,261.99,13,0.18,0,342.5,486.0,36,0.3427,yellow
4,1.62,17.24,63.48,12,0.445,0,508.9,186.0,1,0.2724,yellow
1,8.72,0.27,1.94,11,0.131,0,781.9,232.4,10,0.2137,green
9,1.66,5.58,37.05,9,0.669,0,287.5,230.2,7,0.3719,yellow
19,4.41,27.91,153.41,11,0.475,0,706.5,404.8,27,0.5208,orange
14,8.81,6.91,26.16,1,0.987,1,273.8,123.3,25,0.5113,orange
4,1.93,26.36,206.07,3,0.987,1,779.1,12.4,88,0.3602,yellow
17,9.76,26.03,124.43,10,0.489,0,600.1,78.4,44,0.5021,orange
0,0.0,39.37,161.16,5,0.868,1,306.3,349.4,54,0.3,yellow
10,7.15,20.63,151.08,7,0.865,1,661.1,65.4,88,0.5411,orange
18,9.47,52.61,403.42,8,0.107,0,594.7,499.7,69,0.5225,orange
8,8.8,150.34,1242.82,4,0.567,0,643.1,440.5,3,0.4401,yellow
17,8.9,11.45,103.96,0,0.0,0,272.1,276.8,88,0.3747,yellow
14,6.67,28.24,196.07,2,0.389,0,469.2,126.4,34,0.4058,yellow
9,7.83,20.82,141.51,7,0.519,0,487.5,22.6,25,0.3959,yellow
11,2.34,22.44,105.95,3,0.608,0,658.9,408.4,42,0.3119,yellow
10,4.42,6.59,41.86,2,0.101,0,491.5,135.8,51,0.2486,green
13,3.77,48.74,330.17,9,0.61,0,629.7,143.6,3,0.4166,yellow
6,7.13,6.01,40.1,6,0.295,0,676.0,100.8,55,0.3243,yellow
3,4.82,2.73,23.8,11,0.043,0,579.9,476.2,21,0.2171,green
8,8.14,31.21,131.79,8,0.84,1,740.0,183.2,25,0.472,yellow
4,3.72,39.5,353.83,6,0.668,0,257.3,315.7,54,0.2664,yellow
2,8.82,19.21,129.62,5,0.024,0,585.2,307.5,31,0.2053,green
10,3.09,14.87,106.51,13,0.142,0,364.7,302.6,17,0.2828,yellow
6,7.52,0.48,2.58,13,0.104,0,634.6,293.4,38,0.2598,yellow
12,1.71,2.69,24.88,2,0.401,0,420.2,178.3,67,0.3234,yellow
4,1.63,30.66,150.19,7,0.651,0,519.8,168.9,2,0.2478,green
5,1.47,14.27,79.05,2,0.731,1,479.1,39.5,43,0.329,yellow
15,4.69,16.48,144.25,11,0.348,0,598.9,399.8,15,0.436,yellow
12,2.08,109.68,344.42,3,0.927,1,524.0,422.6,20,0.4624,yellow
7,7.8,4.1,36.0,5,0.159,0,237.9,67.6,22,0.2423,green
17,4.08,14.39,78.03,8,0.554,0,383.3,204.5,22,0.451,yellow
14,9.93,57.2,255.09,14,0.397,0,523.8,317.7,29,0.5098,orange
9,8.81,49.19,419.56,3,0.819,1,393.5,21.2,1,0.4561,yellow
1,2.19,59.42,562.05,13,0.139,0,739.0,416.4,51,0.2544,yellow
2,9.58,52.32,401.02,1,0.068,0,215.5,76.2,67,0.2182,green
13,8.88,9.76,87.47,12,0.018,0,561.5,188.8,30,0.3677,yellow
18,6.08,6.39,28.63,13,0.995,1,234.7,350.6,72,0.6221,orange
8,8.04,9.25,39.27,11,0.618,0,579.9,122.2,51,0.4095,yellow
19,6.9,56.52,456.12,4,0.887,1,469.9,105.4,6,0.5098,orange
6,7.6,44.0,135.4,1,0.134,0,451.1,397.3,20,0.3007,yellow
9,7.13,6.31,46.27,12,0.012,0,344.7,488.2,81,0.3129,yellow
10,5.09,55.81,205.73,9,0.127,0,718.8,129.3,81,0.342,yellow
7,8.3,28.56,257.56,9,0.785,1,735.3,478.1,16,0.4689,yellow
1,4.94,8.82,78.36,9,0.253,0,668.7,414.3,33,0.2187,green
7,9.06,30.37,221.65,11,0.451,0,729.5,61.8,43,0.4589,yellow
12,1.34,41.14,313.19,2,0.071,0,207.3,478.7,20,0.235,green
7,4.18,10.55,57.49,14,0.942,1,670.3,183.9,57,0.5074,orange
7,3.39,0.64,2.27,11,0.899,1,669.5,121.6,72,0.4354,yellow
1,7.01,0.31,1.51,3,0.775,1,586.3,269.8,61,0.3036,yellow
3,3.64,117.32,846.22,4,0.92,1,512.5,312.1,10,0.4014,yellow
9,4.04,78.97,361.06,8,0.376,0,530.1,200.4,21,0.3598,yellow
11,2.78,65.39,491.79,2,0.671,0,390.2,440.8,11,0.328,yellow
8,5.9,30.32,137.9,13,0.842,1,637.1,390.5,74,0.5591,orange
12,2.48,4.24,34.25,10,0.965,1,493.0,83.8,43,0.4722,yellow
12,4.72,42.59,349.39,2,0.298,0,539.0,347.6,38,0.3396,yellow
4,2.44,18.57,56.93,0,0.0,0,645.0,441.9,3,0.0938,green
7,2.75,63.56,483.26,8,0.555,0,639.8,311.8,26,0.3028,yellow
8,5.99,0.16,1.31,5,0.833,1,206.6,377.3,52,0.4584,yellow
19,3.94,4.84,24.86,7,0.502,0,274.8,198.8,3,0.4446,yellow
2,2.24,32.63,98.33,6,0.003,0,571.8,184.2,56,0.1696,green
12,1.84,26.62,169.46,13,0.723,1,262.5,120.5,3,0.4746,yellow
17,6.42,0.7,3.66,14,0.077,0,235.1,173.8,29,0.4248,yellow
5,2.89,52.31,347.46,12,0.147,0,396.9,222.7,17,0.2582,yellow
14,9.99,81.14,608.4,0,0.0,0,582.5,253.1,46,0.346,yellow
14,4.69,54.94,312.44,8,0.95,1,321.8,287.1,9,0.538,orange
12,8.04,1.73,15.55,9,0.873,1,705.2,101.2,48,0.476,yellow
9,9.44,36.73,272.45,13,0.728,1,497.9,224.1,56,0.5362,orange
19,6.91,94.13,327.82,11,0.045,0,221.8,145.1,54,0.5018,orange
13,3.25,9.52,79.18,9,0.845,1,360.9,86.6,55,0.5021,orange
10,2.25,22.81,134.04,6,0.086,0,342.1,368.9,74,0.2612,yellow
19,2.15,64.15,369.11,9,0.419,0,356.1,368.1,57,0.4585,yellow
16,5.18,107.27,778.76,8,0.183,0,213.2,362.8,70,0.4835,yellow
0,0.0,22.23,84.56,1,0.404,0,525.5,397.9,48,0.0863,green
5,8.62,16.79,66.94,5,0.85,1,601.4,236.5,50,0.4171,yellow
6,5.91,1.93,12.71,11,0.356,0,786.8,399.1,48,0.306,yellow
19,5.9,42.62,352.82,14,0.205,0,726.7,441.0,13,0.4772,yellow
8,6.04,41.68,287.81,1,0.065,0,478.4,455.5,41,0.1998,green
19,5.07,15.19,55.52,4,0.964,1,322.3,266.4,23,0.5449,orange
8,6.2,30.2,259.29,14,0.196,0,738.2,264.9,59,0.4125,yellow
6,6.52,13.53,125.6,10,0.984,1,284.4,109.0,7,0.4698,yellow
4,7.59,51.51,267.43,13,0.615,0,250.1,442.4,11,0.3608,yellow
0,0.0,16.23,160.46,4,0.725,1,393.8,498.6,58,0.2754,yellow
4,6.04,22.49,180.68,1,0.21,0,427.4,487.0,8,0.1754,green
18,7.84,132.85,1236.71,11,0.459,0,414.7,252.2,2,0.6059,orange
11,4.02,5.73,45.72,7,0.087,0,631.4,215.9,33,0.2628,yellow
10,6.86,29.1,159.08,4,0.806,1,706.2,134.4,32,0.3796,yellow
19,7.65,3.37,17.55,7,0.07,0,304.9,429.3,0,0.3813,yellow
2,7.25,21.56,110.78,14,0.069,0,657.9,210.1,13,0.2918,yellow
3,8.84,43.58,371.28,12,0.899,1,590.5,438.4,22,0.4588,yellow
13,5.14,59.98,409.44,2,0.413,0,681.4,244.7,24,0.3125,yellow
7,7.66,75.06,372.31,8,0.292,0,746.5,379.4,72,0.4049,yellow
18,8.85,3.58,28.4,12,0.068,0,358.0,32.6,32,0.5255,orange
19,3.71,27.37,139.04,10,0.73,1,559.3,41.6,7,0.5444,orange
8,9.9,29.52,198.35,13,0.795,1,220.8,295.6,63,0.5755,orange
13,8.7,22.11,76.18,3,0.22,0,493.0,371.4,72,0.3743,yellow
16,1.58,93.59,297.23,6,0.43,0,390.2,223.0,46,0.4437,yellow
14,6.42,66.91,408.42,7,0.948,1,467.1,396.5,50,0.5733,orange
3,4.46,20.06,151.79,1,0.272,0,483.7,492.1,71,0.1368,green
5,1.64,8.81,48.73,11,0.604,0,744.4,127.0,64,0.2781,yellow
2,2.76,28.31,140.54,7,0.591,0,522.2,428.5,61,0.1851,green
7,1.33,3.43,18.42,4,0.439,0,331.1,204.4,53,0.2334,green
4,3.56,51.15,343.77,10,0.507,0,724.5,251.8,10,0.3194,yellow
13,9.94,4.23,20.82,0,0.0,0,433.9,367.6,71,0.312,yellow
11,7.07,10.56,84.79,11,0.821,1,200.9,321.8,86,0.561,orange
12,8.47,1.24,11.3,1,0.114,0,430.3,233.6,81,0.3134,yellow
7,7.76,2.21,7.87,14,0.75,1,447.6,326.6,73,0.485,yellow
1,8.99,27.39,178.45,2,0.913,1,567.5,438.1,83,0.4126,yellow
5,8.46,142.21,1242.9,8,0.422,0,377.0,248.1,44,0.4266,yellow
14,1.39,3.94,27.21,14,0.467,0,690.0,43.0,20,0.3931,yellow
2,1.7,23.46,211.91,13,0.446,0,679.0,413.0,27,0.3219,yellow
11,9.25,16.92,88.5,9,0.37,0,216.5,202.6,23,0.3661,yellow
4,6.81,1.37,11.45,14,0.154,0,215.3,326.5,34,0.2887,yellow
10,4.47,47.07,337.56,0,0.0,0,606.3,306.8,33,0.2256,green
5,5.09,34.97,139.31,4,0.228,0,786.5,270.6,44,0.2687,yellow
3,1.89,7.03,66.63,10,0.16,0,214.0,380.5,14,0.1597,green
4,9.6,11.3,104.22,3,0.995,1,527.2,53.2,58,0.4135,yellow
14,2.36,0.94,9.23,5,0.541,0,292.5,281.3,33,0.3333,yellow
18,4.21,52.6,418.87,9,0.058,0,405.5,142.4,43,0.4022,yellow
10,6.02,12.8,90.4,7,1.0,1,290.3,410.2,50,0.5122,orange
17,6.61,25.28,185.64,4,0.731,1,288.8,427.8,35,0.5391,orange
18,2.19,26.97,194.01,5,0.533,0,722.0,74.0,10,0.379,yellow
19,5.2,1.05,10.3,2,0.463,0,788.6,246.9,69,0.4202,yellow
3,3.57,6.82,56.79,14,0.606,0,751.2,187.5,80,0.3886,yellow
14,6.16,93.74,412.76,8,0.059,0,201.9,323.7,71,0.4135,yellow
18,3.81,8.87,28.53,14,0.627,0,755.8,19.4,21,0.548,orange
9,2.21,10.67,58.83,1,0.333,0,639.8,269.0,46,0.2553,yellow
2,9.98,33.89,298.18,6,0.002,0,226.5,177.5,36,0.2071,green
7,9.43,51.77,448.52,0,0.0,0,707.6,310.7,22,0.2394,green
8,7.51,9.87,77.1,14,0.066,0,409.3,64.4,59,0.4157,yellow
12,9.6,22.18,113.05,7,0.113,0,705.2,128.7,59,0.3997,yellow
1,1.66,15.47,78.38,11,0.863,1,440.8,153.3,54,0.3499,yellow
6,3.03,30.69,302.38,4,0.215,0,449.7,382.2,30,0.2324,green
16,7.48,60.51,373.79,3,0.625,0,243.1,344.5,13,0.3966,yellow
14,5.97,22.03,88.12,6,0.721,1,440.9,87.7,33,0.4784,yellow
17,8.41,38.37,188.06,0,0.0,0,390.6,10.1,25,0.3553,yellow
16,1.56,54.85,166.03,4,0.94,1,249.6,466.1,64,0.5644,orange
10,3.43,55.49,288.19,3,0.907,1,765.8,217.0,69,0.4601,yellow
4,2.04,1.3,9.01,11,0.633,0,622.3,12.1,22,0.2853,yellow
10,7.0,101.48,845.08,0,0.0,0,605.7,472.6,72,0.3045,yellow
11,10.0,3.32,21.56,6,0.5,0,459.6,234.3,17,0.3755,yellow
13,7.94,0.09,0.78,12,0.417,0,693.3,426.7,15,0.4607,yellow
0,0.0,47.72,395.07,12,0.295,0,282.0,329.3,17,0.1938,green
2,3.84,31.05,179.06,7,0.468,0,547.5,51.8,12,0.1774,green
9,1.13,14.3,76.65,5,0.709,1,769.3,25.4,2,0.3438,yellow
14,3.97,70.95,345.32,12,0.464,0,778.1,264.3,64,0.5158,orange
14,2.98,4.23,38.07,5,0.017,0,662.1,405.5,33,0.2566,yellow
4,3.39,0.53,2.68,0,0.0,0,643.4,119.4,56,0.145,green
6,8.91,33.77,230.62,7,0.783,1,668.2,234.4,85,0.4294,yellow
3,9.1,37.15,355.22,1,0.484,0,648.5,242.2,89,0.2883,yellow
4,5.78,31.58,237.21,11,0.777,1,323.0,365.6,70,0.4437,yellow
9,9.06,56.36,293.4,2,0.147,0,686.7,321.6,27,0.3291,yellow
14,9.26,10.3,64.76,14,0.061,0,614.0,348.1,4,0.4409,yellow
19,6.68,17.81,70.16,1,0.302,0,656.7,183.6,20,0.385,yellow
17,5.92,5.96,37.04,2,0.166,0,467.3,112.5,32,0.3504,yellow
16,9.83,47.27,424.34,11,0.659,0,265.3,321.9,47,0.5792,orange
11,3.34,17.23,123.31,6,0.214,0,207.8,17.0,28,0.2859,yellow
1,7.28,15.09,145.89,1,0.757,1,297.0,243.7,64,0.3485,yellow
19,6.09,44.3,287.63,8,0.835,1,670.7,194.7,27,0.5897,orange
9,8.24,1.41,12.24,7,0.848,1,637.3,56.7,26,0.4569,yellow
12,1.0,69.5,283.31,6,0.92,1,796.0,32.0,70,0.4757,yellow
16,6.72,2.85,9.21,2,0.951,1,546.3,185.0,17,0.4358,yellow
0,0.0,8.25,35.81,12,0.974,1,216.5,421.5,40,0.3918,yellow
8,3.06,93.93,379.2,7,0.282,0,770.3,295.0,10,0.2492,green
11,7.83,9.96,54.49,14,0.904,1,707.5,206.5,77,0.641,orange
3,8.41,65.92,448.99,12,0.591,0,311.7,172.5,45,0.3183,yellow
7,1.43,38.92,327.61,7,0.655,0,291.0,439.2,86,0.3481,yellow
19,4.83,1.15,4.47,13,0.532,0,554.3,40.1,69,0.5127,orange
19,3.07,0.04,0.36,11,0.31,0,639.0,323.9,40,0.4163,yellow
4,7.83,28.22,261.66,4,0.713,1,690.1,99.0,46,0.3505,yellow
7,6.95,2.45,16.7,9,0.021,0,361.4,263.6,80,0.3387,yellow
10,6.66,19.73,109.12,3,0.632,0,278.0,284.4,64,0.3388,yellow
16,9.4,52.72,415.47,6,0.462,0,752.6,350.4,38,0.4934,yellow
16,1.28,1.6,6.39,5,0.336,0,787.1,429.7,62,0.3707,yellow
12,9.52,20.57,116.51,14,0.507,0,432.3,454.2,82,0.5539,orange
10,8.55,0.34,2.73,13,0.843,1,258.5,283.9,28,0.5386,orange
16,5.87,16.84,86.94,5,0.118,0,776.9,360.1,18,0.3866,yellow
11,3.04,63.44,549.52,14,0.31,0,374.0,437.0,56,0.4057,yellow
2,8.66,120.36,890.21,3,0.674,0,231.1,278.9,52,0.3699,yellow
10,2.72,15.91,151.89,4,0.733,1,442.7,43.5,58,0.3741,yellow
8,7.17,12.12,41.18,14,0.381,0,789.2,394.6,6,0.3728,yellow
14,2.05,45.56,387.12,12,0.101,0,366.7,145.4,73,0.4118,yellow
1,9.74,3.61,21.01,4,0.19,0,549.3,110.2,48,0.206,green
11,1.67,27.9,184.65,2,0.269,0,372.5,331.8,21,0.2521,yellow
14,9.56,10.58,38.57,11,0.458,0,255.3,281.2,52,0.4528,yellow
1,7.33,14.02,97.35,8,0.707,1,566.0,163.3,58,0.3933,yellow
0,0.0,3.74,22.95,4,0.945,1,641.9,442.7,21,0.2539,yellow
3,7.31,34.19,200.27,0,0.0,0,431.4,468.8,8,0.1536,green
3,7.53,28.81,235.56,5,0.977,1,261.1,14.1,53,0.405,yellow
17,1.83,41.4,389.19,11,0.861,1,690.4,261.2,26,0.5608,orange
16,5.92,33.32,263.44,12,0.091,0,319.6,440.0,51,0.4395,yellow
14,1.27,13.2,41.06,10,0.248,0,237.5,234.9,66,0.3835,yellow
15,1.73,90.78,805.17,5,0.383,0,496.1,148.8,45,0.3535,yellow
2,6.55,40.75,332.71,13,0.291,0,662.4,219.5,5,0.2746,yellow
0,0.0,67.71,519.04,7,0.787,1,446.8,438.1,59,0.3454,yellow
5,4.85,17.53,132.28,4,0.784,1,451.6,255.0,10,0.2963,yellow
6,1.51,20.26,192.31,14,0.281,0,627.8,15.6,0,0.2977,yellow
5,2.44,5.25,18.33,9,0.943,1,648.1,363.1,46,0.3762,yellow
4,1.07,77.53,473.19,9,0.536,0,414.1,183.4,51,0.3177,yellow
12,3.77,73.53,711.0,3,0.632,0,424.1,143.0,79,0.4343,yellow
2,4.14,22.12,189.37,6,0.838,1,715.3,376.7,56,0.2828,yellow
8,2.44,33.59,142.93,13,0.385,0,493.6,220.5,84,0.4091,yellow
17,3.67,23.39,126.67,13,0.166,0,734.5,128.4,9,0.4512,yellow
14,1.95,7.54,50.06,11,0.311,0,300.2,129.4,18,0.4018,yellow
7,9.88,16.07,133.02,0,0.0,0,524.5,351.3,46,0.1982,green
9,2.55,20.8,122.39,5,0.575,0,213.3,473.1,47,0.2856,yellow
6,2.29,35.34,157.03,4,0.765,1,607.3,388.8,52,0.3612,yellow
0,0.0,0.55,4.69,8,0.673,0,444.9,444.0,31,0.2176,green
8,5.82,54.26,474.74,8,0.485,0,400.2,397.9,77,0.3984,yellow
18,8.39,15.55,99.4,10,0.076,0,432.7,403.7,50,0.4308,yellow
7,8.9,14.8,100.52,3,0.848,1,527.4,491.0,81,0.4177,yellow
1,5.62,135.9,627.95,12,0.559,0,392.7,117.9,53,0.4081,yellow
3,5.18,38.48,292.37,10,0.929,1,427.5,417.4,48,0.4741,yellow
8,1.05,48.97,411.78,14,0.049,0,548.6,218.8,57,0.3412,yellow
6,7.1,42.63,132.25,2,0.62,0,645.4,93.2,8,0.3138,yellow
5,7.75,71.65,595.51,2,0.433,0,664.6,427.8,85,0.2932,yellow
12,7.41,14.64,104.25,8,0.242,0,328.9,218.2,75,0.423,yellow
9,5.56,6.24,22.1,1,0.134,0,466.3,230.9,61,0.2162,green
5,5.8,30.38,250.27,12,0.325,0,361.7,103.6,12,0.3405,yellow
3,8.41,1.96,16.51,14,0.778,1,656.5,102.0,83,0.4979,yellow
0,0.0,16.99,54.67,14,0.264,0,449.1,445.3,78,0.258,yellow
4,6.67,58.58,497.16,8,0.898,1,732.9,169.4,28,0.4905,yellow
17,8.6,8.59,60.45,5,0.095,0,799.3,170.1,30,0.3631,yellow
9,1.05,18.81,131.64,12,0.318,0,776.7,446.9,20,0.3236,yellow
15,3.81,0.48,1.49,7,0.624,0,657.4,29.1,78,0.4757,yellow
10,1.05,83.62,493.66,12,0.587,0,548.6,495.4,18,0.4588,yellow
10,6.21,25.28,229.54,10,0.929,1,405.1,268.6,58,0.5097,orange
4,9.96,119.09,898.69,0,0.0,0,476.7,470.6,13,0.2293,green
17,4.26,59.77,225.37,10,0.167,0,500.2,348.5,88,0.4469,yellow
8,1.63,24.27,199.85,6,0.599,0,307.6,355.5,85,0.2889,yellow
13,2.53,0.58,4.9,6,0.171,0,472.1,232.9,19,0.3515,yellow
5,5.82,20.11,116.92,12,0.584,0,700.3,324.9,53,0.4231,yellow
7,6.35,36.38,126.1,9,0.085,0,564.1,441.7,15,0.3319,yellow
13,6.93,7.12,64.36,14,0.683,0,425.3,402.0,72,0.5264,orange
7,9.47,44.87,174.8,11,0.067,0,785.2,410.3,63,0.3899,yellow
9,9.44,2.67,15.21,1,0.416,0,300.9,242.7,49,0.2935,yellow
19,4.95,22.64,224.1,8,0.968,1,463.8,146.4,10,0.5733,orange
13,6.68,7.44,23.4,9,0.256,0,413.2,340.3,35,0.3997,yellow
17,4.08,60.0,245.06,6,0.099,0,697.6,356.3,45,0.3739,yellow
4,5.31,45.5,233.2,7,0.624,0,364.2,249.0,16,0.3134,yellow
9,8.4,1.76,10.44,8,0.191,0,408.2,278.1,75,0.3468,yellow
7,6.98,6.67,22.1,6,0.84,1,793.7,445.9,19,0.4085,yellow
12,7.67,20.35,129.89,2,0.658,0,270.2,401.9,15,0.356,yellow
6,5.09,43.12,167.4,12,0.89,1,690.7,260.0,76,0.488,yellow
3,9.73,80.79,661.77,10,0.141,0,542.5,100.8,66,0.4237,yellow
2,2.65,52.41,262.05,12,0.577,0,535.3,191.9,5,0.33,yellow
2,9.05,12.35,100.12,12,0.796,1,305.1,339.7,40,0.4194,yellow
19,3.25,9.17,27.54,14,0.6,0,232.1,194.5,80,0.5459,orange
14,2.8,10.44,48.66,10,0.04,0,374.9,111.7,89,0.3294,yellow
14,9.18,18.94,118.62,8,0.702,1,569.2,382.6,16,0.5336,orange
17,4.58,52.73,221.2,4,0.763,1,227.3,326.8,82,0.5463,orange
19,7.03,18.95,159.48,4,0.05,0,220.9,280.1,51,0.415,yellow
15,3.14,1.53,12.32,13,0.915,1,313.5,462.0,11,0.5659,orange
0,0.0,28.31,124.52,2,0.751,1,275.3,388.7,31,0.2514,yellow
7,9.36,14.7,50.9,4,0.749,1,458.7,52.9,48,0.4247,yellow
2,4.77,10.38,55.28,1,0.668,0,759.9,140.1,16,0.1654,green
1,6.58,27.46,179.71,5,0.277,0,369.0,482.0,51,0.2318,green
16,7.36,29.24,290.38,9,0.278,0,285.4,163.4,27,0.414,yellow
7,5.87,125.68,1203.17,1,0.929,1,237.1,55.3,15,0.3948,yellow
11,3.46,12.53,76.95,14,0.502,0,348.0,240.8,72,0.4599,yellow
9,2.59,10.46,39.77,10,0.056,0,204.1,114.1,52,0.3067,yellow
11,4.7,15.45,141.98,3,0.757,1,377.0,156.4,0,0.4379,yellow
2,4.08,16.86,148.66,5,0.173,0,491.5,67.3,14,0.147,green
13,6.36,17.07,70.84,8,0.39,0,413.1,32.2,46,0.4022,yellow
2,6.1,32.1,298.2,1,0.561,0,765.6,50.5,74,0.2336,green
4,1.89,2.36,13.05,10,0.981,1,328.8,42.9,1,0.3807,yellow
11,8.86,46.75,385.06,12,0.246,0,454.1,398.8,57,0.5063,orange
14,2.3,3.69,11.77,0,0.0,0,474.8,121.0,0,0.2149,green
9,8.41,51.56,326.97,12,0.794,1,295.0,35.4,89,0.521,orange
12,1.76,18.86,120.23,5,0.566,0,309.6,78.4,14,0.3097,yellow
16,3.48,6.85,21.37,4,0.934,1,610.3,270.5,25,0.5177,orange
14,5.28,15.71,64.88,1,0.971,1,537.3,360.2,12,0.4284,yellow
14,6.52,83.65,638.48,0,0.0,0,588.9,123.4,34,0.2885,yellow
15,1.42,11.55,70.1,6,0.255,0,263.5,183.9,12,0.3839,yellow
4,1.63,15.09,64.47,10,0.029,0,744.3,86.6,89,0.2882,yellow
12,7.39,3.02,15.77,14,0.731,1,774.9,118.0,7,0.5279,orange
6,6.72,29.81,173.59,9,0.315,0,225.8,392.7,38,0.3,yellow
1,8.42,4.75,41.95,5,0.943,1,342.3,62.7,22,0.2681,yellow
14,5.36,21.65,111.71,3,0.215,0,730.6,284.1,10,0.3105,yellow
10,9.81,101.22,583.64,8,0.211,0,714.3,412.0,34,0.413,yellow
15,6.57,18.18,153.8,8,0.604,0,595.7,347.1,72,0.4925,yellow
9,6.6,7.56,38.92,6,0.417,0,296.1,93.8,24,0.3388,yellow
13,4.54,3.17,9.88,13,0.16,0,401.4,47.6,74,0.4309,yellow
10,8.47,88.84,455.95,0,0.0,0,338.9,435.5,75,0.2953,yellow
18,4.54,0.87,6.18,5,0.782,1,388.2,131.5,41,0.4693,yellow
11,4.28,25.06,76.27,9,0.275,0,625.7,143.0,6,0.3317,yellow
7,1.84,15.85,65.69,14,0.224,0,335.6,410.5,68,0.2941,yellow
15,2.74,1.56,11.49,4,0.084,0,326.7,378.7,51,0.2095,green
2,5.36,35.51,243.9,12,0.572,0,683.3,382.5,28,0.3109,yellow
19,7.61,12.77,74.73,1,0.057,0,220.8,202.0,86,0.3691,yellow
3,8.97,67.81,344.55,6,0.111,0,588.9,438.8,78,0.312,yellow
19,7.06,52.18,301.53,3,0.656,0,521.1,50.2,67,0.4951,yellow
9,5.0,21.07,80.52,9,0.794,1,595.7,293.1,60,0.4619,yellow
18,9.87,43.83,264.76,9,0.427,0,398.2,286.5,15,0.5099,orange
10,3.51,4.15,15.34,6,0.016,0,691.0,29.7,74,0.2673,yellow
0,0.0,31.67,268.17,6,0.253,0,719.3,60.4,25,0.116,green
10,8.62,11.76,90.98,0,0.0,0,766.4,385.3,1,0.211,green
19,3.48,43.91,201.26,11,0.943,1,394.3,334.0,41,0.6469,orange
12,6.45,56.8,188.3,8,0.997,1,310.1,301.1,11,0.4979,yellow
7,2.14,0.85,6.23,8,0.259,0,216.7,319.4,64,0.2996,yellow
1,6.97,100.83,338.08,11,0.592,0,299.5,22.1,20,0.3828,yellow
9,5.92,54.94,213.86,1,0.917,1,444.0,80.2,35,0.3753,yellow
12,7.12,87.52,443.8,12,0.272,0,330.7,334.3,77,0.5057,orange
6,1.15,39.14,206.08,12,0.837,1,276.4,71.9,14,0.4212,yellow
12,9.05,31.06,155.86,13,0.118,0,200.0,358.9,16,0.4359,yellow
18,2.33,2.9,25.24,12,0.958,1,539.4,262.1,69,0.5888,orange
1,6.46,14.77,69.14,6,0.48,0,282.8,49.7,38,0.2753,yellow
14,9.79,15.56,56.23,2,0.891,1,478.3,166.8,52,0.4907,yellow
19,7.14,11.36,44.68,2,0.739,1,600.0,68.6,83,0.4939,yellow
12,3.31,48.9,292.52,2,0.73,1,571.5,101.5,59,0.4034,yellow
14,6.55,56.91,248.89,3,0.551,0,514.1,148.3,22,0.4324,yellow
10,3.5,44.29,334.96,6,0.975,1,484.5,42.7,10,0.4827,yellow
5,5.71,9.51,55.13,3,0.308,0,568.2,450.0,71,0.2554,yellow
19,7.57,13.62,101.94,12,0.997,1,620.3,387.5,11,0.6685,orange
13,7.59,77.35,760.09,12,0.702,1,398.8,341.1,74,0.5959,orange
16,7.08,11.01,61.56,8,0.251,0,272.3,296.4,56,0.4087,yellow
18,1.69,5.45,18.67,11,0.998,1,471.0,183.8,44,0.5744,orange
14,5.07,127.65,383.11,10,0.66,0,465.2,327.6,37,0.4567,yellow
6,6.84,92.74,376.55,9,0.262,0,515.2,64.5,51,0.3233,yellow
0,0.0,4.07,23.36,1,0.038,0,572.0,352.1,3,0.0849,green
8,1.89,3.72,17.76,3,0.54,0,247.6,287.3,77,0.3107,yellow
17,2.55,63.3,437.32,10,0.433,0,557.4,49.5,47,0.4587,yellow
8,8.46,2.51,15.89,11,0.916,1,415.9,160.4,70,0.4631,yellow
0,0.0,11.71,116.07,9,0.177,0,633.2,29.7,85,0.0963,green
4,1.09,67.63,273.5,11,0.951,1,213.2,491.4,20,0.3874,yellow
11,8.33,9.87,38.74,14,0.61,0,214.5,67.1,17,0.4932,yellow
11,7.77,70.79,626.3,14,0.82,1,695.8,298.1,87,0.6271,orange
1,8.43,29.95,254.27,8,0.015,0,348.4,434.5,38,0.1785,green
16,6.14,6.13,20.95,6,0.788,1,370.0,420.2,38,0.5297,orange
14,6.63,0.37,1.49,9,0.202,0,432.0,35.1,37,0.2945,yellow
7,3.44,6.48,40.94,2,0.062,0,242.7,291.2,76,0.259,yellow
2,8.9,24.48,237.96,8,0.918,1,666.7,412.9,21,0.4717,yellow
0,0.0,12.03,85.72,7,0.297,0,246.3,93.2,80,0.1843,green
13,5.67,8.46,46.62,10,0.691,0,637.3,33.0,61,0.4913,yellow
17,7.05,5.59,18.92,7,0.411,0,493.8,213.6,83,0.4011,yellow
0,0.0,0.67,6.69,2,0.968,1,529.9,481.9,44,0.2302,green
17,8.18,33.95,231.85,1,0.332,0,669.0,224.2,54,0.3989,yellow
10,8.59,11.79,92.08,13,0.831,1,334.8,205.7,50,0.571,orange
18,4.01,39.38,233.9,10,0.372,0,513.1,43.3,48,0.5155,orange
4,7.23,4.52,26.74,5,0.403,0,511.8,498.3,15,0.2823,yellow
12,2.2,5.19,50.01,4,0.434,0,276.5,210.5,5,0.3021,yellow
18,7.02,19.84,117.61,13,0.939,1,409.9,129.5,20,0.7166,orange
12,3.02,2.15,18.9,2,0.355,0,668.1,286.3,5,0.2168,green
8,7.7,15.95,69.71,7,0.61,0,492.9,75.3,16,0.3295,yellow
17,4.74,71.58,336.3,5,0.024,0,550.9,471.3,23,0.388,yellow
18,6.63,23.99,140.38,12,0.254,0,585.3,145.0,48,0.4979,yellow
15,6.37,49.85,299.47,5,0.913,1,543.3,98.6,33,0.5699,orange
15,2.79,8.51,43.76,12,0.594,0,553.8,43.0,47,0.4727,yellow
9,5.66,7.22,36.0,3,0.36,0,562.9,199.9,39,0.2551,yellow
8,3.78,10.42,50.68,14,0.154,0,731.7,234.7,19,0.3233,yellow
12,1.17,39.94,178.11,8,0.88,1,229.5,123.2,8,0.4573,yellow
10,2.99,4.46,40.2,7,0.416,0,413.9,456.7,72,0.3067,yellow
6,9.79,31.12,296.94,13,0.374,0,731.8,84.2,30,0.4276,yellow
17,3.96,1.68,7.19,8,0.729,1,545.0,111.3,69,0.501,orange
10,6.81,41.02,189.74,10,0.007,0,514.0,461.5,87,0.3568,yellow
8,4.33,41.74,387.33,6,0.143,0,594.6,324.4,29,0.2521,yellow
14,3.41,50.2,179.56,3,0.486,0,527.6,463.8,6,0.3411,yellow
9,7.88,4.76,37.27,6,0.853,1,396.9,36.3,45,0.4621,yellow
18,3.75,1.97,8.37,12,0.137,0,771.4,171.1,55,0.5013,orange
6,7.77,50.13,482.27,5,0.859,1,279.0,355.5,62,0.4541,yellow
2,8.86,5.55,18.73,10,0.959,1,330.6,53.2,86,0.4391,yellow
8,8.38,33.87,252.41,14,0.72,1,506.7,306.1,47,0.5406,orange
19,9.4,15.44,96.96,12,0.922,1,285.2,159.1,22,0.6731,orange
17,4.67,65.25,217.3,5,0.35,0,717.5,124.2,78,0.4757,yellow
19,5.9,111.62,623.26,11,0.528,0,303.0,92.1,70,0.5724,orange
5,1.57,15.16,95.8,4,0.663,0,557.2,213.4,84,0.311,yellow
4,8.38,31.39,186.22,0,0.0,0,366.1,32.6,3,0.1446,green
6,3.89,27.19,271.13,4,0.26,0,201.0,194.4,36,0.2187,green
1,1.0,73.95,658.72,5,0.822,1,651.7,369.1,17,0.2611,yellow
6,9.36,16.89,64.76,3,0.242,0,243.8,374.6,32,0.2457,green
3,9.26,3.43,15.87,1,0.19,0,223.4,202.0,17,0.19,green
12,7.65,34.8,302.95,0,0.0,0,716.9,434.4,29,0.258,yellow
2,8.27,11.6,80.48,5,0.249,0,523.0,496.1,51,0.2757,yellow
17,1.88,36.76,199.22,10,0.326,0,772.4,69.7,69,0.4715,yellow
5,9.93,90.72,359.18,14,0.185,0,456.9,40.1,59,0.4041,yellow
2,4.27,17.32,170.49,13,0.493,0,398.1,62.3,30,0.3372,yellow
16,3.83,33.63,299.63,7,0.122,0,580.9,70.7,43,0.3423,yellow
1,9.18,6.33,55.35,12,0.119,0,303.1,243.5,20,0.2511,yellow
7,2.91,3.68,32.62,10,0.014,0,681.8,490.6,52,0.2566,yellow
6,5.53,63.21,611.13,13,0.545,0,295.9,348.7,9,0.3795,yellow
11,8.17,40.35,303.39,5,0.118,0,440.9,398.6,5,0.2741,yellow
12,2.67,90.37,403.88,14,0.954,1,411.4,31.1,54,0.613,orange
1,7.87,3.45,34.06,6,0.478,0,486.9,386.3,66,0.2577,yellow
1,5.05,22.72,186.77,9,0.625,0,685.0,43.8,0,0.3177,yellow
5,4.2,4.82,34.61,3,0.552,0,345.1,218.7,62,0.2752,yellow
14,3.7,30.88,222.56,8,0.526,0,655.6,359.2,63,0.4675,yellow
1,4.4,21.85,128.74,8,0.684,0,215.2,348.1,74,0.2895,yellow
9,7.53,13.41,48.39,8,0.081,0,288.3,156.0,16,0.3141,yellow
8,4.09,3.55,24.8,13,0.206,0,644.9,277.9,54,0.3209,yellow
9,5.81,6.52,27.17,4,0.599,0,320.8,446.2,28,0.3316,yellow
19,6.25,25.95,87.76,12,0.257,0,479.0,121.2,18,0.4807,yellow
19,5.39,35.27,170.45,0,0.0,0,466.9,249.6,65,0.3527,yellow
11,7.86,50.11,270.23,10,0.796,1,699.8,493.0,6,0.5449,orange
13,7.67,49.06,437.36,13,0.446,0,212.0,40.6,15,0.5236,orange
5,6.71,6.19,51.03,10,0.113,0,557.9,247.5,44,0.2652,yellow
19,2.94,102.58,821.28,10,0.613,0,683.4,156.8,89,0.6281,orange
1,7.0,21.46,128.79,7,0.039,0,786.4,128.8,22,0.1908,green
16,8.55,24.0,97.73,10,0.939,1,495.4,353.4,77,0.5783,orange
13,1.62,68.31,262.0,11,0.842,1,568.5,169.7,70,0.5725,orange
15,6.26,6.96,62.34,4,0.777,1,708.5,99.1,63,0.5121,orange
4,2.07,4.54,22.74,9,0.041,0,393.2,284.3,71,0.2313,green
9,7.0,17.15,165.86,13,0.696,0,315.7,55.4,33,0.435,yellow
18,5.34,1.77,7.48,1,0.38,0,570.3,485.2,68,0.3631,yellow
18,9.3,43.09,307.76,7,0.328,0,492.3,22.1,11,0.5649,orange
10,2.23,39.06,339.51,7,0.774,1,431.3,258.3,53,0.4036,yellow
17,3.49,24.5,133.04,6,0.893,1,432.7,151.1,25,0.4583,yellow
5,5.98,40.49,258.93,9,0.673,0,402.4,98.0,56,0.36,yellow
6,5.35,16.82,59.27,8,0.457,0,707.4,66.0,73,0.3754,yellow
9,6.19,3.81,12.4,3,0.425,0,429.7,362.3,70,0.3103,yellow
7,9.49,8.67,32.1,4,0.04,0,469.4,293.0,17,0.2062,green
11,3.08,15.54,154.64,1,0.97,1,719.0,304.4,39,0.3715,yellow
3,8.63,34.67,174.41,9,0.758,1,369.2,165.8,23,0.3834,yellow
17,9.22,28.28,192.98,12,0.317,0,332.2,262.5,57,0.5156,orange
11,9.16,40.81,274.65,4,0.603,0,247.8,344.7,25,0.3865,yellow
7,7.72,48.59,200.39,12,0.649,0,739.5,315.5,52,0.4695,yellow
13,3.79,6.76,63.3,7,0.402,0,378.8,316.5,84,0.3446,yellow
11,6.55,1.24,6.53,12,0.148,0,790.8,112.5,22,0.342,yellow
15,4.08,127.64,1132.23,14,0.021,0,220.7,228.5,8,0.4814,yellow
2,2.2,82.18,678.83,9,0.488,0,687.8,58.6,37,0.2846,yellow
3,6.66,7.27,53.73,4,0.929,1,322.9,401.0,37,0.3327,yellow
18,2.83,92.74,874.48,7,0.339,0,443.1,127.1,66,0.4201,yellow
8,8.83,5.98,57.59,14,0.654,0,364.4,300.6,40,0.4408,yellow
9,9.32,7.86,39.47,0,0.0,0,300.8,183.9,87,0.2427,green
2,6.19,33.63,104.81,13,0.665,0,451.6,353.5,72,0.3316,yellow
16,7.23,32.48,106.18,14,0.75,1,386.4,262.1,54,0.6412,orange
16,7.46,26.17,224.69,14,0.444,0,763.3,154.5,29,0.4906,yellow
3,8.9,6.84,60.13,4,0.062,0,693.6,162.6,20,0.1902,green
14,5.52,54.88,414.63,12,0.193,0,277.4,156.0,51,0.476,yellow
9,5.11,11.98,40.34,9,0.46,0,625.8,492.0,50,0.3447,yellow
7,2.12,97.65,727.6,13,0.039,0,213.1,389.5,56,0.3262,yellow
7,4.86,0.82,6.99,0,0.0,0,267.2,308.7,61,0.1322,green
10,5.82,19.44,111.31,5,0.909,1,671.1,248.8,79,0.4759,yellow
19,5.93,66.34,321.02,4,0.58,0,369.5,146.7,64,0.5176,orange
12,1.49,25.92,92.75,2,0.73,1,414.7,41.3,83,0.3893,yellow
15,9.5,12.23,85.59,6,0.794,1,575.1,469.4,6,0.5149,orange
9,9.65,23.14,71.71,14,0.534,0,613.0,376.9,68,0.541,orange
3,1.87,1.72,6.71,13,0.498,0,561.9,121.4,50,0.3582,yellow
13,3.66,2.85,21.86,1,0.371,0,663.3,93.5,80,0.3163,yellow
18,4.04,36.67,158.15,12,0.505,0,356.5,14.5,61,0.4549,yellow
6,5.6,17.69,172.83,10,0.707,1,592.6,437.5,81,0.4501,yellow
1,4.35,2.91,18.06,14,0.581,0,630.9,71.0,50,0.3438,yellow
2,5.95,21.64,169.49,6,0.967,1,466.1,167.3,77,0.3622,yellow
19,3.07,3.38,29.54,8,0.353,0,389.4,250.6,4,0.4335,yellow
11,2.73,11.11,109.14,1,0.779,1,513.5,324.1,16,0.3809,yellow
18,6.47,2.78,21.53,5,0.492,0,791.9,146.4,33,0.4002,yellow
11,7.18,50.59,299.57,2,0.938,1,606.3,68.3,75,0.4478,yellow
12,5.9,4.03,20.25,0,0.0,0,362.7,382.6,73,0.2494,green
8,2.96,13.7,78.61,3,0.872,1,451.0,227.8,39,0.3439,yellow
11,4.89,2.88,23.68,12,0.36,0,612.3,163.3,80,0.4474,yellow
8,9.94,45.11,206.66,11,0.693,0,659.7,159.0,54,0.4794,yellow
11,7.54,35.42,351.06,8,0.104,0,541.4,270.4,73,0.3802,yellow
0,0.0,15.16,91.27,12,0.002,0,356.4,264.0,70,0.1742,green
19,5.67,1.58,7.3,6,0.296,0,757.8,71.1,19,0.3718,yellow
1,3.32,18.71,73.58,0,0.0,0,473.0,90.1,22,0.0765,green
1,9.1,29.7,180.29,0,0.0,0,700.6,292.9,51,0.1406,green
0,0.0,18.39,123.26,6,0.824,1,251.2,434.4,63,0.2473,green
15,9.99,7.47,27.79,5,0.146,0,726.3,268.8,40,0.3902,yellow
15,1.96,31.46,285.5,12,0.742,1,585.9,164.7,26,0.5139,orange
14,3.34,14.59,140.05,1,0.969,1,472.4,258.4,18,0.3889,yellow
8,9.39,58.6,245.79,6,0.998,1,358.1,146.8,10,0.5186,orange
5,9.78,2.03,17.73,1,0.879,1,508.5,274.2,27,0.3838,yellow
6,7.91,41.8,297.59,14,0.362,0,695.8,353.7,63,0.4176,yellow
1,5.22,79.17,592.76,11,0.398,0,758.9,175.7,48,0.3179,yellow
2,5.3,13.17,102.42,12,0.7,0,384.2,38.0,4,0.3239,yellow
0,0.0,0.36,1.43,14,0.891,1,469.4,235.1,20,0.3096,yellow
1,7.04,51.65,243.43,10,0.137,0,762.6,182.4,70,0.2683,yellow
15,6.24,34.54,285.71,5,0.187,0,312.9,100.3,85,0.4321,yellow
6,6.29,55.04,171.87,11,0.109,0,321.7,499.2,72,0.3369,yellow
16,6.63,26.08,213.63,4,0.893,1,613.7,149.1,57,0.553,orange
13,3.75,42.72,313.48,6,0.628,0,310.5,61.8,66,0.3685,yellow
1,1.64,32.4,280.71,5,0.748,1,710.5,150.2,64,0.3251,yellow
0,0.0,11.31,109.81,3,0.954,1,326.0,396.6,54,0.2441,green
11,1.43,19.82,61.51,9,0.759,1,500.4,456.8,15,0.4068,yellow
16,3.28,67.64,474.63,1,0.594,0,652.9,161.6,42,0.3927,yellow
11,3.39,67.85,252.69,14,0.206,0,568.2,119.3,19,0.4328,yellow
17,7.16,6.33,42.07,11,0.188,0,382.2,55.6,54,0.4509,yellow
0,0.0,3.4,20.29,7,0.643,0,318.3,57.8,35,0.1607,green
3,9.31,51.69,283.18,8,0.366,0,337.6,117.0,43,0.2801,yellow
16,9.02,25.28,223.18,13,0.342,0,310.1,13.4,13,0.5174,orange
0,0.0,127.22,993.15,14,0.887,1,365.0,119.6,81,0.4933,yellow
6,2.96,2.45,17.16,9,0.936,1,764.5,95.6,44,0.37,yellow
9,7.64,8.74,30.35,8,0.271,0,202.2,89.7,24,0.3546,yellow
14,4.38,29.57,118.93,11,0.898,1,761.3,490.1,61,0.5369,orange
9,1.97,0.51,4.79,14,0.177,0,204.2,404.7,76,0.3669,yellow
19,9.24,20.97,179.6,5,0.988,1,406.6,40.3,32,0.5722,orange
2,1.9,9.51,82.87,8,0.261,0,255.5,205.7,2,0.1349,green
12,9.15,4.45,15.03,1,0.07,0,234.0,69.0,46,0.345,yellow
1,3.19,10.95,69.91,9,0.709,1,639.1,95.2,88,0.3465,yellow
5,6.24,10.69,34.66,8,0.816,1,459.2,400.2,57,0.4652,yellow
16,8.98,15.88,114.79,6,0.91,1,292.6,317.1,51,0.5526,orange
7,8.94,95.89,416.77,7,0.864,1,444.1,383.6,71,0.5057,orange
18,1.08,0.61,4.3,13,0.525,0,319.8,377.8,59,0.4641,yellow
18,3.42,120.95,687.04,11,0.352,0,464.1,44.0,48,0.576,orange
4,3.32,60.52,465.13,6,0.053,0,620.7,37.3,25,0.1424,green
5,3.62,60.97,568.9,9,0.719,1,551.7,251.3,73,0.3402,yellow
16,5.18,8.46,79.59,5,0.463,0,492.1,468.1,13,0.3515,yellow
6,2.34,79.75,495.32,9,0.778,1,332.3,90.6,1,0.4093,yellow
12,9.4,80.91,313.67,2,0.084,0,790.7,336.5,47,0.3958,yellow
17,9.69,5.76,43.43,10,0.289,0,487.8,486.7,62,0.5168,orange
17,1.9,21.35,67.73,7,0.389,0,639.6,345.5,45,0.4102,yellow
14,4.7,8.01,25.13,9,0.104,0,621.4,156.7,23,0.3758,yellow
1,7.12,52.36,210.83,2,0.65,0,645.2,25.4,52,0.218,green
8,6.61,4.32,16.45,10,0.947,1,443.9,388.2,27,0.5047,orange
12,7.05,35.06,188.96,2,0.826,1,674.8,108.4,85,0.4242,yellow
0,0.0,9.59,55.58,2,0.96,1,226.8,80.1,1,0.2531,yellow
7,6.1,80.77,618.79,4,0.342,0,772.0,452.6,19,0.2771,yellow
17,2.13,43.51,194.57,8,0.149,0,589.0,94.5,12,0.37,yellow
18,6.52,5.13,49.96,11,0.763,1,551.0,140.5,56,0.6144,orange
19,5.52,18.21,150.65,7,0.521,0,601.6,409.4,75,0.5087,orange
12,8.68,58.17,214.92,13,0.263,0,724.9,73.2,86,0.4979,yellow
17,7.27,3.05,15.0,8,0.763,1,681.3,198.7,3,0.5089,orange
4,2.14,16.73,69.05,1,0.453,0,711.9,294.8,32,0.197,green
13,5.76,26.34,225.95,7,0.472,0,494.2,424.9,17,0.3874,yellow
8,4.0,20.31,142.39,10,0.908,1,562.7,268.6,24,0.4443,yellow
10,3.75,5.55,34.54,14,0.21,0,613.7,439.9,15,0.3338,yellow
7,1.74,10.64,81.96,10,0.377,0,354.9,129.3,87,0.3451,yellow
8,7.38,0.64,3.8,5,0.286,0,633.7,473.2,44,0.2639,yellow
1,6.25,18.63,162.61,9,0.874,1,411.5,364.1,87,0.3881,yellow
16,5.67,8.01,30.96,7,0.944,1,785.9,194.4,31,0.5148,orange
19,5.9,9.43,74.66,11,0.454,0,222.8,367.0,85,0.5453,orange
3,7.55,3.67,26.12,10,0.376,0,653.8,274.4,25,0.3041,yellow
11,1.16,3.24,19.02,1,0.112,0,709.7,271.1,27,0.1686,green
10,8.05,5.52,36.37,5,0.404,0,796.1,95.7,75,0.3525,yellow
2,1.45,1.95,8.4,6,0.203,0,647.4,497.9,47,0.149,green
11,1.14,39.27,362.13,11,0.489,0,444.4,493.4,20,0.376,yellow
17,1.48,29.49,99.73,10,0.16,0,731.3,14.9,11,0.3621,yellow
1,7.51,21.26,138.08,13,0.97,1,213.2,403.3,69,0.4499,yellow
18,1.81,8.9,32.48,7,0.643,0,669.6,469.4,74,0.4275,yellow
17,8.58,7.05,24.71,11,0.001,0,736.4,265.6,34,0.4429,yellow
19,9.53,8.97,48.11,1,0.789,1,609.1,445.5,52,0.495,yellow
4,1.94,9.36,62.14,14,0.373,0,290.8,401.2,39,0.2594,yellow
6,4.3,3.35,24.82,1,0.956,1,242.2,183.9,24,0.3616,yellow
2,5.51,14.52,142.4,2,0.644,0,590.4,434.7,6,0.2139,green
6,1.85,23.57,192.86,2,0.607,0,300.1,400.7,77,0.2598,yellow
14,4.04,0.55,3.18,2,0.037,0,750.6,339.8,77,0.2583,yellow
0,0.0,64.32,405.93,5,0.157,0,784.9,422.8,1,0.1359,green
1,9.36,2.04,13.94,1,0.962,1,665.0,314.7,5,0.3057,yellow
11,5.87,48.87,320.68,0,0.0,0,628.2,111.7,39,0.2228,green
8,2.29,14.8,143.01,4,0.993,1,619.0,154.0,61,0.4071,yellow
13,7.52,11.2,94.96,7,0.022,0,578.7,90.2,7,0.2597,yellow
7,4.27,27.57,246.49,0,0.0,0,514.6,338.7,79,0.1627,green
8,4.08,6.49,44.98,9,0.648,0,217.6,312.9,12,0.2757,yellow
13,4.98,33.14,172.59,10,0.467,0,231.6,28.4,10,0.4291,yellow
3,5.58,8.36,68.64,7,0.414,0,657.5,451.2,11,0.2588,yellow
5,8.42,16.22,56.97,5,0.414,0,618.7,141.4,63,0.2657,yellow
6,5.66,1.15,8.02,9,0.447,0,468.5,478.0,76,0.3174,yellow
11,3.16,19.04,117.8,11,0.801,1,579.3,256.7,32,0.4846,yellow
19,9.24,28.67,124.68,13,0.209,0,223.7,373.2,30,0.5572,orange
14,5.14,29.71,205.0,12,0.266,0,699.9,219.1,7,0.4496,yellow
16,7.55,30.13,120.04,11,0.278,0,498.9,171.5,22,0.4547,yellow
17,8.86,1.85,17.05,7,0.024,0,448.2,156.6,89,0.4495,yellow
11,2.85,6.3,24.45,6,0.425,0,431.3,458.6,17,0.2835,yellow
11,5.19,1.8,8.71,5,0.103,0,638.1,199.8,88,0.3301,yellow
19,7.49,85.05,780.02,11,0.076,0,570.7,336.3,22,0.4471,yellow
7,7.51,0.99,7.1,1,0.999,1,573.4,221.2,53,0.4092,yellow
11,8.57,172.8,1038.97,13,0.499,0,560.4,40.6,60,0.5544,orange
1,9.84,35.24,323.61,10,0.268,0,686.9,37.1,58,0.3022,yellow
16,7.9,32.18,282.17,5,0.796,1,528.2,328.5,16,0.5297,orange
7,6.33,19.76,145.41,2,0.97,1,267.4,141.6,51,0.3763,yellow
15,8.53,5.36,26.48,12,0.299,0,446.5,116.7,35,0.4892,yellow
6,3.0,45.49,200.52,0,0.0,0,790.0,422.1,72,0.1692,green
11,6.93,10.14,70.13,12,0.855,1,609.9,35.6,79,0.5956,orange
6,9.83,5.08,23.25,10,0.472,0,775.9,341.3,36,0.3886,yellow
16,7.57,39.89,142.03,7,0.842,1,532.8,451.8,87,0.5623,orange
6,8.81,20.78,71.25,1,0.607,0,313.1,404.4,36,0.2767,yellow
6,9.81,35.76,275.47,5,0.144,0,465.2,173.7,76,0.2531,yellow
2,7.85,37.45,208.37,6,0.002,0,369.9,441.9,16,0.1916,green
1,6.19,5.05,27.72,3,0.117,0,593.6,177.2,25,0.1352,green
13,2.52,30.39,298.49,13,0.92,1,362.4,191.5,87,0.5735,orange
2,8.94,85.37,698.07,11,0.502,0,462.6,176.4,12,0.3528,yellow
2,4.46,57.81,476.5,14,0.118,0,351.2,461.2,16,0.3154,yellow
7,5.8,27.22,151.4,10,0.52,0,484.8,136.6,69,0.384,yellow
12,1.51,33.52,225.0,8,0.2,0,422.8,255.8,50,0.3311,yellow
15,5.72,31.66,267.69,0,0.0,0,691.0,94.1,75,0.3,yellow
17,7.3,15.93,63.23,0,0.0,0,757.9,474.5,55,0.3088,yellow
8,9.16,26.56,95.54,11,0.678,0,336.0,305.0,69,0.4492,yellow
14,3.37,38.66,167.29,8,0.859,1,253.3,433.8,87,0.5553,orange
1,3.15,16.24,77.26,5,0.066,0,637.6,284.3,0,0.1007,green
3,3.99,40.93,166.33,13,0.279,0,587.8,437.9,74,0.3526,yellow
12,6.47,22.22,202.65,1,0.528,0,593.3,124.3,50,0.3459,yellow
16,1.15,13.99,76.4,10,0.208,0,679.4,403.5,75,0.3818,yellow
14,3.55,10.02,63.87,9,0.662,0,413.3,406.3,1,0.4393,yellow
0,0.0,79.74,543.5,3,0.227,0,403.5,254.1,21,0.1169,green
17,8.41,58.35,344.62,2,0.705,1,346.2,239.6,15,0.5091,orange
16,6.18,46.34,144.61,12,0.962,1,684.4,235.2,81,0.687,orange
10,9.4,12.68,52.31,3,0.709,1,306.7,445.4,87,0.4668,yellow
6,5.29,156.44,1213.09,11,0.748,1,799.9,365.2,21,0.4806,yellow
8,6.29,5.74,55.93,10,0.837,1,543.4,499.6,59,0.4791,yellow
5,1.58,107.83,734.14,9,0.975,1,339.4,441.8,25,0.4264,yellow
3,2.02,61.21,456.2,5,0.603,0,684.1,86.9,28,0.276,yellow
6,4.2,19.73,128.66,3,0.274,0,440.0,391.4,33,0.1678,green
13,8.66,23.99,210.68,5,0.125,0,263.9,347.3,14,0.3217,yellow
16,1.89,26.01,192.35,2,0.535,0,673.0,410.9,72,0.3667,yellow
9,8.42,24.96,106.28,5,0.052,0,207.7,399.8,72,0.2897,yellow
3,9.39,58.88,469.16,6,0.8,1,759.3,387.4,21,0.4103,yellow
5,3.11,1.85,12.28,11,0.962,1,374.0,427.9,14,0.4321,yellow
13,4.27,14.84,55.55,10,0.159,0,780.8,458.2,56,0.3702,yellow
17,2.09,2.68,25.09,2,0.837,1,385.9,258.7,69,0.5018,orange
7,6.66,13.88,63.59,8,0.958,1,246.6,270.9,22,0.4044,yellow
14,4.54,5.94,41.86,11,0.264,0,456.5,369.1,31,0.4182,yellow
8,5.3,5.98,38.25,9,0.266,0,660.3,110.9,54,0.3044,yellow
3,5.19,86.04,819.32,5,0.106,0,705.2,246.6,74,0.278,yellow
17,8.51,42.3,270.06,14,0.807,1,202.2,166.8,29,0.6485,orange
18,8.73,29.74,248.0,11,0.052,0,338.6,402.9,8,0.375,yellow
4,1.52,78.52,591.98,13,0.173,0,427.6,456.3,39,0.2761,yellow
5,4.71,81.73,272.92,4,0.851,1,726.7,279.2,72,0.374,yellow
15,6.74,11.59,42.37,11,0.159,0,232.1,228.4,76,0.4144,yellow
1,5.48,11.13,96.68,0,0.0,0,522.6,12.3,14,0.1275,green
12,7.4,108.77,928.22,0,0.0,0,484.3,228.9,2,0.3045,yellow
11,8.99,30.76,181.32,0,0.0,0,621.6,478.4,50,0.3266,yellow
0,0.0,57.0,336.31,14,0.199,0,561.0,39.7,55,0.2147,green
11,4.92,41.43,364.4,5,0.132,0,603.4,259.3,32,0.2858,yellow
7,2.42,0.95,9.12,14,0.349,0,616.3,88.2,35,0.3493,yellow
17,4.64,18.24,144.86,6,0.622,0,223.3,101.5,4,0.4052,yellow
14,5.8,0.01,0.03,3,0.249,0,209.3,91.7,25,0.3509,yellow
1,7.38,0.64,2.08,12,0.079,0,413.8,376.3,37,0.213,green
18,8.13,27.78,179.24,10,0.733,1,570.1,11.4,9,0.6215,orange
3,6.27,26.51,162.26,11,0.917,1,798.1,85.3,62,0.4826,yellow
10,6.81,4.9,46.66,8,0.688,0,671.0,399.7,80,0.4434,yellow
7,8.46,10.82,67.86,8,0.49,0,271.8,403.3,13,0.2761,yellow
15,1.14,10.01,60.63,12,0.131,0,560.6,26.8,33,0.4001,yellow
1,2.39,6.06,33.67,11,0.019,0,783.8,118.5,64,0.1945,green
6,4.02,43.46,262.03,11,0.298,0,219.8,299.2,10,0.3333,yellow
14,1.34,156.61,998.21,11,0.452,0,225.9,161.7,81,0.4706,yellow
5,1.08,6.75,65.53,9,0.191,0,387.6,248.2,9,0.2277,green
9,8.93,16.13,129.73,6,0.105,0,613.0,87.6,55,0.2851,yellow
6,7.23,25.45,238.03,12,0.492,0,670.6,296.1,89,0.3703,yellow
0,0.0,2.19,10.84,13,0.172,0,651.4,456.7,71,0.1685,green
9,9.26,6.6,65.25,8,0.126,0,767.5,75.0,63,0.3575,yellow
19,1.42,29.34,216.62,5,0.506,0,246.3,160.0,82,0.4318,yellow
13,5.58,11.5,93.35,8,0.581,0,637.9,211.4,50,0.4367,yellow
8,6.5,29.36,115.22,13,0.262,0,345.1,246.7,75,0.4272,yellow
18,1.91,98.02,741.81,1,0.211,0,500.9,124.5,43,0.3544,yellow
12,8.02,44.25,203.41,14,0.471,0,305.5,81.0,69,0.5423,orange
17,5.54,5.82,50.59,6,0.263,0,334.7,238.1,37,0.4537,yellow
17,7.61,30.31,276.6,5,0.113,0,760.4,100.0,70,0.3996,yellow
6,5.11,5.62,27.36,7,0.854,1,669.0,60.7,68,0.4602,yellow
16,9.44,73.0,702.44,13,0.439,0,524.5,484.3,23,0.553,orange
16,9.53,16.52,50.62,12,0.765,1,370.8,444.9,27,0.6392,orange
2,7.26,5.39,44.64,1,0.819,1,743.3,68.7,23,0.3224,yellow
0,0.0,50.21,450.53,0,0.0,0,699.9,465.4,10,0.0489,green
9,4.55,8.79,86.82,9,0.72,1,466.7,135.6,69,0.4392,yellow
4,2.72,14.64,93.64,14,0.896,1,275.7,70.4,63,0.4829,yellow
6,1.27,2.23,17.01,4,0.095,0,655.0,306.9,37,0.1661,green
8,5.54,23.62,117.71,14,0.555,0,404.6,481.3,5,0.4272,yellow
0,0.0,20.36,84.0,9,0.896,1,591.9,181.0,49,0.2872,yellow
13,3.47,65.61,215.47,3,0.257,0,628.3,245.2,80,0.3614,yellow
17,2.36,17.49,146.86,10,0.363,0,239.8,494.8,79,0.4234,yellow
8,3.21,22.78,145.28,12,0.208,0,688.0,374.0,60,0.3901,yellow
11,6.16,7.27,65.67,12,0.056,0,248.4,496.5,79,0.3897,yellow
15,5.58,53.11,289.35,0,0.0,0,507.5,141.2,21,0.3511,yellow
10,8.0,24.4,183.53,2,0.496,0,526.7,92.5,18,0.3335,yellow
0,0.0,31.91,182.84,1,0.48,0,423.9,251.7,76,0.137,green
10,2.7,69.35,535.34,11,0.298,0,453.5,156.2,80,0.3961,yellow
19,3.26,34.51,268.71,5,0.175,0,792.3,285.0,49,0.3705,yellow
17,3.93,2.99,29.36,0,0.0,0,409.2,363.7,30,0.2174,green
10,8.31,4.13,12.92,10,0.25,0,239.4,348.4,22,0.3692,yellow
4,6.27,21.6,139.72,7,0.176,0,558.3,217.9,54,0.2599,yellow
18,5.37,23.52,120.73,12,0.193,0,269.7,312.0,78,0.4193,yellow
4,2.69,31.76,128.31,4,0.368,0,260.4,161.7,46,0.2276,green
0,0.0,18.49,80.51,14,0.818,1,705.8,265.0,82,0.3891,yellow
0,0.0,1.07,10.08,9,0.075,0,280.5,325.9,21,0.1308,green
8,3.3,31.57,120.39,4,0.893,1,475.2,341.7,10,0.3959,yellow
8,1.85,10.31,101.88,3,0.225,0,354.3,244.9,77,0.2177,green
11,4.36,14.51,128.53,6,0.833,1,618.9,152.8,68,0.4662,yellow
5,3.78,0.61,4.3,0,0.0,0,498.3,337.0,73,0.1346,green
17,1.49,38.78,138.35,12,0.404,0,607.2,216.2,68,0.4705,yellow
2,8.95,81.24,732.07,12,0.337,0,541.7,431.9,55,0.369,yellow
16,2.92,33.15,225.4,1,0.972,1,365.7,398.3,25,0.5447,orange
0,0.0,16.08,85.06,9,0.561,0,311.6,119.9,44,0.2441,green
19,5.94,41.39,351.32,11,0.369,0,503.5,284.6,87,0.5486,orange
17,4.19,28.46,201.97,7,0.846,1,456.5,143.4,20,0.5215,orange
10,5.11,20.34,66.23,3,0.827,1,698.5,153.3,1,0.3812,yellow
18,6.32,135.89,566.37,5,0.459,0,343.1,471.5,83,0.5458,orange
3,8.7,22.7,108.63,8,0.189,0,504.7,269.0,89,0.3,yellow
13,6.97,3.61,29.04,6,0.393,0,405.2,417.8,56,0.4051,yellow
13,7.36,10.62,62.47,3,0.581,0,628.6,459.2,51,0.3236,yellow
0,0.0,33.42,192.52,8,0.676,0,623.4,249.7,44,0.2744,yellow
0,0.0,2.31,10.04,6,0.048,0,710.1,498.8,64,0.0871,green
18,8.29,14.07,64.98,9,0.281,0,600.8,96.6,32,0.4797,yellow
14,4.03,7.12,36.96,14,0.888,1,704.4,241.7,15,0.568,orange
19,6.75,1.56,14.77,10,0.438,0,716.6,287.3,40,0.4682,yellow
17,4.36,4.72,27.58,12,0.751,1,493.2,305.6,45,0.6052,orange
2,8.54,64.31,608.02,1,0.623,0,233.8,21.7,88,0.2673,yellow
16,5.63,6.7,35.09,1,0.779,1,212.0,446.3,42,0.4428,yellow
12,8.31,49.5,214.28,4,0.669,0,486.2,324.7,6,0.4301,yellow
4,5.5,13.27,65.59,4,0.693,0,722.6,177.7,76,0.3142,yellow
12,3.9,109.84,1087.92,3,0.578,0,649.6,482.7,76,0.4245,yellow
2,5.77,28.63,182.56,12,0.499,0,363.4,93.0,59,0.3239,yellow
5,7.47,25.29,206.55,14,0.257,0,555.8,468.6,40,0.3898,yellow
15,4.1,9.74,97.18,4,0.034,0,536.2,350.5,82,0.3212,yellow
14,1.06,19.59,60.94,8,0.033,0,420.1,126.2,53,0.2936,yellow
5,9.3,16.65,164.79,1,0.407,0,306.4,63.7,65,0.2766,yellow
7,1.49,16.42,130.6,2,0.542,0,516.5,79.2,71,0.2064,green
5,6.07,21.8,176.32,7,0.079,0,562.3,90.3,89,0.234,green
18,5.17,27.45,115.24,11,0.014,0,752.9,73.0,75,0.4247,yellow
5,3.22,41.39,200.11,12,0.603,0,535.7,17.1,47,0.3687,yellow
7,6.19,82.58,748.73,6,0.625,0,369.5,195.2,56,0.3457,yellow
0,0.0,10.64,100.7,2,0.026,0,404.6,403.6,34,0.0863,green
12,5.66,18.24,58.65,8,0.638,0,372.1,153.9,22,0.4238,yellow
0,0.0,14.93,72.32,0,0.0,0,457.3,329.6,51,0.0311,green
8,1.01,82.87,344.04,11,0.187,0,361.6,402.3,68,0.3594,yellow
11,8.6,8.2,48.45,2,0.103,0,458.9,122.7,58,0.3098,yellow
1,9.46,70.92,494.12,1,0.381,0,447.1,366.5,75,0.2555,yellow
3,1.86,6.71,39.56,3,0.036,0,516.9,334.3,2,0.1099,green
4,9.15,54.71,344.52,8,0.568,0,463.7,42.9,1,0.3684,yellow
18,8.8,1.02,9.55,8,0.303,0,618.8,397.2,39,0.4749,yellow
18,5.46,16.4,96.33,12,0.661,0,729.1,210.6,79,0.5542,orange
5,4.37,6.06,36.43,3,0.358,0,205.1,421.2,6,0.1891,green
8,3.96,28.31,257.63,12,0.654,0,432.2,327.1,5,0.3762,yellow
16,5.61,24.92,160.94,2,0.21,0,436.5,165.1,61,0.3373,yellow
15,8.43,9.66,34.06,12,0.491,0,709.3,356.0,8,0.4313,yellow
2,6.19,7.5,36.62,12,0.479,0,226.8,161.7,79,0.2742,yellow
14,8.25,33.19,269.7,14,0.049,0,201.4,130.0,28,0.4014,yellow
19,1.97,17.19,168.56,5,0.08,0,764.2,137.7,0,0.252,yellow
17,8.77,44.42,185.76,13,0.728,1,394.5,488.9,78,0.6434,orange
12,6.27,13.36,84.52,6,0.563,0,588.7,112.7,16,0.3637,yellow
16,9.14,104.04,1034.46,9,0.932,1,367.3,475.6,6,0.6465,orange
5,9.04,22.64,173.99,11,1.0,1,346.4,384.0,23,0.4748,yellow
19,9.84,68.45,266.94,6,0.275,0,219.7,216.0,25,0.488,yellow
2,9.15,21.79,88.8,8,0.411,0,211.0,142.6,53,0.2975,yellow
4,2.9,34.97,158.7,3,0.483,0,393.8,421.1,60,0.2518,yellow
8,7.18,73.36,532.59,1,0.117,0,363.9,112.7,67,0.2955,yellow
17,1.94,38.22,298.52,12,0.991,1,261.2,208.3,51,0.5785,orange
1,8.55,17.84,133.0,2,0.522,0,440.9,157.2,5,0.236,green
9,7.51,6.93,32.9,3,0.589,0,472.7,375.1,33,0.3131,yellow
7,8.39,1.84,13.39,2,0.246,0,265.6,399.2,2,0.2491,green
17,3.42,50.12,337.54,6,0.98,1,361.0,30.1,14,0.551,orange
4,7.37,0.95,8.64,10,0.439,0,267.7,355.9,62,0.3111,yellow
11,6.87,44.59,245.63,7,0.234,0,488.4,280.4,22,0.3461,yellow
14,2.53,101.14,313.93,10,0.238,0,692.2,112.6,86,0.4165,yellow
1,2.17,37.7,131.37,14,0.833,1,350.0,308.7,78,0.4389,yellow
16,8.0,40.27,372.57,3,0.661,0,770.4,367.5,73,0.4766,yellow
15,8.96,59.56,363.52,13,0.561,0,280.7,166.9,2,0.5913,orange
10,8.27,43.19,246.32,10,0.801,1,562.6,107.3,65,0.4978,yellow
17,5.5,10.92,107.24,0,0.0,0,489.6,172.2,65,0.2833,yellow
15,6.35,47.38,470.27,4,0.118,0,593.0,148.8,29,0.3787,yellow
12,3.36,54.77,176.7,1,0.778,1,565.1,485.7,68,0.4202,yellow
3,6.54,35.23,205.34,9,0.415,0,441.7,27.7,61,0.3208,yellow
16,7.38,3.65,18.73,10,0.321,0,351.4,271.8,3,0.4093,yellow
9,8.83,4.05,31.34,10,0.963,1,276.0,216.1,40,0.5353,orange
16,4.39,13.54,45.57,2,0.108,0,792.0,313.5,27,0.3016,yellow
5,9.84,6.62,26.08,7,0.095,0,204.1,84.9,82,0.3373,yellow
9,3.6,4.85,22.73,12,0.335,0,398.2,19.7,69,0.311,yellow
16,4.16,42.53,300.99,7,0.567,0,610.2,11.4,32,0.4098,yellow
17,2.0,15.64,131.32,0,0.0,0,276.2,38.7,33,0.2668,yellow
6,7.85,0.48,3.31,0,0.0,0,420.2,62.0,82,0.2068,green
14,3.66,39.66,360.87,5,0.163,0,349.5,177.5,89,0.2983,yellow
14,6.3,22.34,98.77,4,0.527,0,394.6,64.4,31,0.4109,yellow
4,1.92,1.51,4.59,1,0.677,0,214.7,211.8,53,0.1793,green
4,6.32,73.33,629.48,11,0.803,1,629.7,110.1,35,0.5008,orange
0,0.0,166.32,619.3,0,0.0,0,788.6,310.7,55,0.0305,green
11,1.2,50.93,157.76,6,0.605,0,488.1,409.7,53,0.3514,yellow
13,5.45,4.31,39.63,3,0.742,1,505.8,217.0,8,0.38,yellow
8,1.23,38.5,333.93,2,0.847,1,464.8,18.8,12,0.3521,yellow
11,5.59,104.64,821.69,11,0.093,0,512.5,419.8,39,0.3752,yellow
12,8.09,8.99,71.6,14,0.125,0,551.7,384.5,18,0.4251,yellow
15,4.77,21.31,135.05,1,0.64,0,716.2,473.4,86,0.3812,yellow
11,1.53,3.34,14.34,7,0.206,0,464.7,41.9,82,0.2955,yellow
15,7.34,24.54,228.8,14,0.744,1,571.7,403.5,41,0.5949,orange
7,2.53,12.25,88.91,9,0.822,1,532.7,98.1,89,0.4773,yellow
0,0.0,41.95,364.04,11,0.872,1,258.8,223.8,15,0.2839,yellow
5,4.13,66.81,420.46,10,0.159,0,687.6,75.0,51,0.3043,yellow
15,5.08,21.84,182.26,5,0.968,1,717.8,229.9,50,0.5184,orange
14,5.84,18.98,95.97,10,0.227,0,545.3,217.5,17,0.3534,yellow
12,2.54,32.62,292.55,13,0.562,0,602.5,354.5,76,0.428,yellow
6,7.9,104.76,861.5,2,0.788,1,622.5,299.0,23,0.4261,yellow
15,9.61,20.74,197.43,12,0.846,1,413.8,417.9,5,0.5249,orange
0,0.0,12.65,126.26,2,0.452,0,280.1,33.5,7,0.1054,green
10,7.85,4.87,34.11,13,0.63,0,744.7,215.4,57,0.4416,yellow
4,1.01,61.56,197.76,5,0.588,0,238.4,432.6,87,0.2746,yellow
13,2.73,12.19,98.63,3,0.414,0,362.0,111.4,24,0.3197,yellow
0,0.0,24.98,225.06,13,0.242,0,367.1,449.3,48,0.1624,green
18,4.97,87.0,347.26,8,0.198,0,706.0,109.9,86,0.5193,orange
13,9.96,8.74,52.92,10,0.611,0,778.4,56.8,43,0.5066,orange
17,1.5,1.61,15.11,10,0.705,1,251.1,328.5,46,0.503,orange
8,4.78,11.42,37.09,4,0.091,0,508.3,123.5,75,0.1764,green
3,8.29,4.35,27.33,12,0.867,1,372.5,173.2,87,0.4341,yellow
8,8.82,24.23,175.95,9,0.665,0,614.5,395.6,16,0.4083,yellow
16,2.67,31.64,252.74,9,0.048,0,289.1,212.8,20,0.3524,yellow
4,2.46,20.15,172.42,4,0.426,0,522.5,21.0,72,0.2552,yellow
3,4.53,29.18,285.38,14,0.018,0,534.2,395.8,56,0.2655,yellow
13,8.99,19.09,174.61,7,0.817,1,276.5,431.1,6,0.5002,orange
3,5.62,48.74,273.72,11,0.116,0,781.6,480.2,48,0.2267,green
11,6.07,13.23,66.38,6,0.828,1,302.3,449.7,52,0.4222,yellow
19,5.37,23.43,221.01,4,0.315,0,321.2,476.8,40,0.3699,yellow
1,3.53,218.64,1066.1,4,0.173,0,406.7,40.2,25,0.2403,green
17,7.92,64.89,295.29,0,0.0,0,682.8,77.6,33,0.3529,yellow
14,3.79,4.7,38.35,7,0.907,1,644.2,276.0,36,0.5399,orange
0,0.0,12.82,85.18,2,0.001,0,498.3,378.9,29,0.0393,green
14,1.72,20.09,82.02,8,0.418,0,746.6,496.7,57,0.3434,yellow
18,3.1,90.1,874.72,10,0.511,0,586.4,60.1,59,0.5221,orange
18,6.73,53.89,463.39,8,0.862,1,370.1,346.5,21,0.5569,orange
0,0.0,23.46,231.08,2,0.809,1,680.2,233.9,14,0.2047,green
12,4.76,23.73,163.14,0,0.0,0,469.5,225.7,70,0.2761,yellow
0,0.0,38.04,171.03,10,0.768,1,776.4,254.8,33,0.2784,yellow
19,2.83,5.08,46.54,2,0.974,1,204.9,450.4,7,0.4075,yellow
13,6.03,36.83,156.25,6,0.025,0,238.2,118.3,46,0.2903,yellow
6,2.53,20.78,148.71,0,0.0,0,520.2,80.5,19,0.1235,green
12,8.27,5.81,42.12,5,0.687,0,450.0,327.8,38,0.4015,yellow
7,8.12,0.36,1.81,5,0.606,0,777.7,298.8,83,0.3168,yellow
11,6.16,78.89,694.14,5,0.237,0,357.6,257.2,63,0.3461,yellow
7,6.74,21.16,169.73,4,0.743,1,707.9,41.3,43,0.3936,yellow
4,9.11,52.06,404.98,1,0.22,0,433.1,434.2,11,0.268,yellow
10,2.58,40.8,194.39,3,0.386,0,789.2,201.6,42,0.3212,yellow
7,4.84,10.17,41.93,13,0.432,0,232.4,263.1,63,0.4129,yellow
4,2.11,3.2,23.22,4,0.197,0,666.4,417.7,53,0.1905,green
9,2.92,14.59,119.28,5,0.492,0,211.8,339.0,30,0.3084,yellow
12,3.35,23.17,216.72,14,0.263,0,533.7,211.6,5,0.3981,yellow
15,9.76,7.87,66.15,11,0.351,0,687.2,166.6,52,0.5055,orange
7,1.14,3.73,16.04,2,0.668,0,737.5,38.3,51,0.307,yellow
19,4.63,4.42,28.93,0,0.0,0,294.7,384.5,43,0.3064,yellow
17,5.97,41.93,208.55,13,0.768,1,224.3,70.2,44,0.5671,orange
6,4.62,56.07,304.14,0,0.0,0,376.6,52.4,35,0.1631,green
6,1.75,148.03,575.87,7,0.703,1,282.0,214.2,31,0.3701,yellow
12,5.81,55.34,392.04,2,0.411,0,632.2,260.7,63,0.4393,yellow
16,4.17,10.66,73.72,12,0.876,1,211.4,368.9,18,0.5627,orange
9,6.91,17.34,57.48,4,0.526,0,498.0,80.6,87,0.3277,yellow
4,1.58,25.62,188.42,6,0.239,0,701.3,394.1,45,0.2011,green
10,7.26,16.24,113.0,12,0.692,0,582.4,361.0,75,0.4649,yellow
12,8.36,81.19,776.9,0,0.0,0,391.8,407.1,57,0.2958,yellow
5,1.55,16.8,97.38,3,0.395,0,304.8,425.9,8,0.1624,green
0,0.0,2.34,22.49,8,0.158,0,403.1,20.1,49,0.1325,green
18,5.78,61.64,481.51,11,0.554,0,791.8,368.8,55,0.5357,orange
7,8.48,4.67,45.85,11,0.444,0,542.5,268.3,58,0.3961,yellow
4,6.88,20.93,168.51,9,0.594,0,298.5,70.5,59,0.338,yellow
6,2.54,33.04,240.09,13,0.797,1,237.7,346.4,33,0.4111,yellow
11,5.16,14.83,134.16,5,0.81,1,359.7,115.4,4,0.3732,yellow
1,6.08,12.43,65.36,9,0.562,0,328.6,177.0,14,0.2799,yellow
8,6.89,92.43,778.87,0,0.0,0,555.1,370.8,37,0.2908,yellow
3,6.37,9.65,34.32,3,0.168,0,616.3,326.2,76,0.1391,green
6,4.35,9.13,75.95,7,0.637,0,532.1,15.6,77,0.3476,yellow
16,5.13,30.84,239.3,3,0.477,0,377.6,262.3,84,0.4455,yellow
12,9.8,3.43,32.63,4,0.041,0,350.5,348.0,78,0.2958,yellow
16,4.62,5.29,20.24,0,0.0,0,372.0,189.8,56,0.3164,yellow
18,1.47,8.77,30.86,10,0.617,0,559.2,153.3,9,0.4617,yellow
3,3.75,21.87,124.09,3,0.808,1,420.9,71.3,70,0.3171,yellow
17,3.53,8.4,58.15,12,0.454,0,631.7,62.7,80,0.5138,orange
0,0.0,4.71,24.56,5,0.425,0,450.2,335.3,53,0.1886,green
3,9.93,78.75,405.89,10,0.041,0,389.0,292.0,80,0.3522,yellow
13,2.81,76.72,688.11,14,0.393,0,502.6,237.5,65,0.4685,yellow
12,9.37,13.61,122.51,0,0.0,0,651.0,217.2,85,0.3289,yellow
1,8.06,43.23,348.34,8,0.705,1,647.5,399.4,64,0.4055,yellow
14,3.96,4.46,25.86,4,0.802,1,224.8,195.7,17,0.4438,yellow
7,5.62,61.7,309.87,10,0.814,1,511.8,388.1,69,0.4669,yellow
2,2.12,6.26,34.16,7,0.145,0,686.7,119.1,59,0.1759,green
6,3.15,1.28,9.44,7,0.603,0,791.6,469.5,46,0.3139,yellow
1,4.58,16.76,153.59,0,0.0,0,735.8,362.4,58,0.1126,green
16,3.2,41.13,273.33,3,0.252,0,552.0,400.0,54,0.3606,yellow
17,8.14,13.38,128.09,9,0.198,0,777.0,260.6,23,0.4013,yellow
8,1.57,53.9,457.67,9,0.497,0,280.9,253.1,44,0.3939,yellow
11,2.14,80.93,585.53,0,0.0,0,344.0,282.9,69,0.2856,yellow
7,2.97,20.59,101.68,10,0.172,0,362.6,150.0,6,0.2786,yellow
